feature,n_valid,mean,median,std,min,Q1,Q3,max,skew,pct_outliers_IQR,spearman_vs_TOTEXP22
AGE22X,21559,43.63,45.0,23.78,0.0,23.0,64.0,85.0,-0.11,0.0,0.42
FAMINC22,21731,90845.46,65720.0,87774.83,0.0,30000.0,125000.0,787696.0,2.11,4.78,0.01
POVLEV22,21735,400.41,296.8,383.57,-10.48,144.34,538.89,4239.44,2.49,4.44,0.12
TTLP22X,21728,39132.44,23000.0,51804.48,0.0,0.0,54882.0,644245.0,2.83,4.67,0.2
FAMSZE22,21550,2.95,3.0,1.67,1.0,2.0,4.0,14.0,1.08,1.03,-0.34
ADBMI42,10601,28.61,27.4,6.65,11.5,23.9,32.1,50.0,0.91,3.03,0.07
K6SUM42,10823,3.16,2.0,4.11,0.0,0.0,5.0,24.0,1.9,4.26,0.19
PHQ242,10632,0.66,0.0,1.25,0.0,0.0,1.0,6.0,2.24,7.79,0.15
DDNWRK22,9560,4.83,1.0,10.39,0.0,0.0,5.0,65.0,3.88,9.53,0.36
