feature,label,rate_yes,rate_no,n_yes,prevalence_pct,lift
UNINS22,Uninsured all year,3.27,21.22,1470,6.76,0.15
ADHDADDX,ADHD (children),13.17,3.64,463,2.13,3.62
MCAID22,Medicaid (any in 2022),19.54,19.95,5158,23.72,0.98
ASTHDX,Asthma,30.62,18.29,3024,13.91,1.67
CHOLDX,High cholesterol,35.66,17.0,6226,28.63,2.1
HIBPDX,High blood pressure,36.06,15.98,6686,30.74,2.26
MCARE22,Medicare (any in 2022),39.35,13.09,5553,25.53,3.01
ARTHDX,Arthritis,42.42,15.61,5233,24.06,2.72
CANCERDX,Cancer,45.1,20.35,2326,10.7,2.22
OHRTDX,Other heart disease,46.13,20.51,2146,9.87,2.25
DIABDX_M18,Diabetes,49.04,16.22,2504,11.51,3.02
MIDX,Heart attack,51.02,22.45,733,3.37,2.27
STRKDX,Stroke,52.01,22.17,871,4.01,2.35
COGLIM31,Cognitive limitation,53.0,21.66,1183,5.44,2.45
CHDDX,Coronary heart disease,53.15,21.7,1078,4.96,2.45
ANGIDX,Angina,54.33,22.98,381,1.75,2.36
WLKLIM31,Walking limitation,55.39,15.07,2672,12.29,3.68
ACTLIM31,Activity limitation,57.21,16.69,2059,9.47,3.43
EMPHDX,Emphysema,58.59,22.93,355,1.63,2.56
IADLHP31,Needs help with IADLs,65.44,18.33,787,3.62,3.57
ADLHLP31,Needs help with ADLs,70.39,18.99,456,2.1,3.71
