,AGELAST,FAMINC22,POVLEV22,TTLP22X,FAMSZE22,POVCAT22,RTHLTH53,MNHLTH53,N_CONDITIONS,HIBPDX,DIABDX_M18,ARTHDX,CANCERDX,ACTLIM31,ADLHLP31,MCARE22,MCAID22,UNINS22,TOTEXP22,HIGH_COST
AGELAST,1.0,-0.121,0.061,0.443,-0.552,0.05,0.313,0.144,0.7,0.481,0.301,0.482,0.35,0.237,0.122,0.719,-0.254,-0.063,0.413,0.308
FAMINC22,-0.121,1.0,0.937,0.44,0.277,0.897,-0.234,-0.178,-0.17,-0.164,-0.14,-0.157,-0.035,-0.222,-0.089,-0.195,-0.398,-0.099,0.014,-0.068
POVLEV22,0.061,0.937,1.0,0.597,-0.013,0.959,-0.177,-0.147,-0.034,-0.101,-0.096,-0.091,0.019,-0.187,-0.078,-0.061,-0.475,-0.126,0.121,-0.001
TTLP22X,0.443,0.44,0.597,1.0,-0.332,0.565,0.072,0.022,0.236,-0.07,0.023,-0.075,0.015,-0.104,-0.044,0.102,-0.408,-0.049,0.202,0.106
FAMSZE22,-0.552,0.277,-0.013,-0.332,1.0,-0.003,-0.212,-0.13,-0.444,-0.24,-0.165,-0.249,-0.158,-0.201,-0.059,-0.424,0.152,0.07,-0.337,-0.226
POVCAT22,0.05,0.897,0.959,0.565,-0.003,1.0,-0.171,-0.141,-0.041,-0.101,-0.092,-0.095,0.011,-0.19,-0.083,-0.069,-0.472,-0.118,0.106,-0.01
RTHLTH53,0.313,-0.234,-0.177,0.072,-0.212,-0.171,1.0,0.623,0.407,0.276,0.251,0.248,0.082,0.31,0.142,0.2,0.065,0.007,0.279,0.263
MNHLTH53,0.144,-0.178,-0.147,0.022,-0.13,-0.141,0.623,1.0,0.211,0.116,0.129,0.114,0.011,0.227,0.108,0.08,0.075,0.007,0.178,0.147
N_CONDITIONS,0.7,-0.17,-0.034,0.236,-0.444,-0.041,0.407,0.211,1.0,0.716,0.464,0.632,0.396,0.331,0.135,0.568,-0.084,-0.139,0.501,0.383
HIBPDX,0.481,-0.164,-0.101,-0.07,-0.24,-0.101,0.276,0.116,0.716,1.0,0.322,0.345,0.178,0.222,0.097,0.389,0.046,-0.129,0.324,0.23
DIABDX_M18,0.301,-0.14,-0.096,0.023,-0.165,-0.092,0.251,0.129,0.464,0.322,1.0,0.206,0.063,0.194,0.093,0.253,0.021,-0.047,0.271,0.262
ARTHDX,0.482,-0.157,-0.091,-0.075,-0.249,-0.095,0.248,0.114,0.632,0.345,0.206,1.0,0.231,0.285,0.113,0.429,0.046,-0.141,0.371,0.289
CANCERDX,0.35,-0.035,0.019,0.015,-0.158,0.011,0.082,0.011,0.396,0.178,0.063,0.231,1.0,0.115,0.049,0.313,-0.061,-0.093,0.244,0.198
ACTLIM31,0.237,-0.222,-0.187,-0.104,-0.201,-0.19,0.31,0.227,0.331,0.222,0.194,0.285,0.115,1.0,0.356,0.281,0.158,-0.069,0.297,0.3
ADLHLP31,0.122,-0.089,-0.078,-0.044,-0.059,-0.083,0.142,0.108,0.135,0.097,0.093,0.113,0.049,0.356,1.0,0.139,0.104,-0.033,0.158,0.185
MCARE22,0.719,-0.195,-0.061,0.102,-0.424,-0.069,0.2,0.08,0.568,0.389,0.253,0.429,0.313,0.281,0.139,1.0,-0.094,-0.158,0.377,0.288
MCAID22,-0.254,-0.398,-0.475,-0.408,0.152,-0.472,0.065,0.075,-0.084,0.046,0.021,0.046,-0.061,0.158,0.104,-0.094,1.0,-0.151,-0.082,-0.004
UNINS22,-0.063,-0.099,-0.126,-0.049,0.07,-0.118,0.007,0.007,-0.139,-0.129,-0.047,-0.141,-0.093,-0.069,-0.033,-0.158,-0.151,1.0,-0.261,-0.113
TOTEXP22,0.413,0.014,0.121,0.202,-0.337,0.106,0.279,0.178,0.501,0.324,0.271,0.371,0.244,0.297,0.158,0.377,-0.082,-0.261,1.0,0.694
HIGH_COST,0.308,-0.068,-0.001,0.106,-0.226,-0.01,0.263,0.147,0.383,0.23,0.262,0.289,0.198,0.3,0.185,0.288,-0.004,-0.113,0.694,1.0
